Date,News,Negative,Neutral,Positive
06-04-2020,What to watch today: Dow set to surge as rates of deaths and new infections slow in Europe,0.0,1.0,0.0
06-04-2020,"Samsung says first-quarter profit likely $5.2 billion, beating expectations slightly - CNBC",0.201,0.604,0.195
06-04-2020,"Lady Gaga announces COVID-19 benefit concert on WHO call, Billie Eilish, Paul McCartney, Elton John and more to perform",0.0,0.857,0.143
06-04-2020,5 things to know before the stock market opens Monday,0.0,1.0,0.0
06-04-2020,"Coronavirus live updates: Germany drafts plan to end lockdown, Spain's daily death toll declines",0.231,0.769,0.0
06-04-2020,Coronavirus cases: These states face biggest potential shortfalls in hospital ICU beds,0.0,1.0,0.0
06-04-2020,IBM's new CEO takes over today — here's his plan,0.0,1.0,0.0
06-04-2020,Quibi's short video service for phones is better than I thought it'd be — except for the ads,0.0,0.838,0.162
07-04-2020,How coronavirus will change tech investing and finding the new winners,0.0,0.763,0.237
07-04-2020,How to buy a car without having to leave your house during the coronavirus pandemic,0.0,0.919,0.081
08-04-2020,Analysts see buying opportunities in stocks like Apple and Walmart as markets continue to rebound,0.0,0.718,0.282
08-04-2020,"California plans to sanitize 80,000 masks a day for health workers amid the COVID-19 pandemic",0.0,1.0,0.0
08-04-2020,"As hospitals beg for protective gear, manufacturers are banding together to churn out plastic face shields",0.0,1.0,0.0
08-04-2020,Debt piling up during the coronavirus outbreak? Here's how to manage it,0.185,0.815,0.0
08-04-2020,"US customs will seize exports of gloves, masks and respirators amid coronavirus pandemic",0.0,1.0,0.0
08-04-2020,A Georgetown student created a simple computer program that tells you when an Amazon Fresh or Whole Foods delivery slot opens up,0.0,0.739,0.261
08-04-2020,"Bernstein upgrades Twitter, despite coronavirus hit to ad revenue",0.0,1.0,0.0
09-04-2020,Jim Cramer spots 8 'instant winners' after China's Wuhan lockdown lifted,0.0,0.744,0.256
09-04-2020,"This new normal 'matters for your life and your portfolio,' Jim Cramer says",0.0,0.916,0.084
09-04-2020,Stanford teamed up with Apple to release an app that connects first responders to drive-through COVID-19 tests,0.0,1.0,0.0
09-04-2020,What we've learned about how remote work is changing us,0.0,1.0,0.0
09-04-2020,What companies are looking for before you can come back to work,0.0,1.0,0.0
10-04-2020,Apple and Google team up to track spread of coronavirus using iPhone and Android apps,0.0,1.0,0.0
10-04-2020,3M sues New Jersey company for alleged price gouging of masks to NYC officials,0.0,1.0,0.0
10-04-2020,iPhone to your door: Chinese firms test super-fast phone delivery as coronavirus caution remains,0.0,1.0,0.0
10-04-2020,Cramer's week ahead: Washington is 'willing to spend big to keep this economy afloat',0.0,1.0,0.0
11-04-2020,The S&P 500 has rebounded 25% in less than three weeks. Here's what's going on:,0.0,1.0,0.0
12-04-2020,The failures and successes that have kept Nintendo relevant for 130 years,0.181,0.602,0.217
13-04-2020,"Apps collecting data to help stop the virus spread must limit sharing of information, cybersecurity expert says",0.101,0.645,0.253
13-04-2020,What to watch today: Stock futures under pressure after S&P 500s best week since 1974,0.113,0.67,0.216
13-04-2020,"One streaming stock winner, and one loser, during the virus lockdown",0.21,0.556,0.235
13-04-2020,Government can't force people to use tech Google and Apple created to trace coronavirus cases,0.0,0.875,0.125
13-04-2020,"Stocks making the biggest moves in the premarket: Caterpillar, Dunkin' Brands, Amazon, Disney & more",0.0,0.884,0.116
13-04-2020,Jim Cramer: 'I'm feeling more confident about the future',0.0,0.584,0.416
13-04-2020,Stock buybacks: We need a new litmus test after the bailouts,0.0,1.0,0.0
14-04-2020,Apple is gathering data from Apple Maps to show how well people are social distancing,0.0,0.87,0.13
14-04-2020,What to watch today: Dow set to jump at open as earnings seasons kicks off,0.0,1.0,0.0
14-04-2020,Apple shipped 2.5 million iPhones in China in March following coronavirus slump,0.0,1.0,0.0
14-04-2020,Three stocks could determine the next move for the market this earnings season,0.0,1.0,0.0
14-04-2020,"Stocks making the biggest moves in the premarket: JPMorgan, J&J, Roku, Apple, Disney, Tesla & more",0.0,1.0,0.0
14-04-2020,Stock futures flat as investors digest signs coronavirus pandemic is easing,0.0,0.833,0.167
14-04-2020,"The medical advisors for the movie 'Contagion' saw a pandemic coming, but got one big thing wrong",0.217,0.783,0.0
15-04-2020,Apple and Google have an ambitious plan to help track coronavirus — here's what needs to happen now,0.0,0.721,0.279
15-04-2020,Apple now sells five iPhones — here's how to pick the right iPhone for you,0.0,1.0,0.0
15-04-2020,"Apple unveils a new, cheaper iPhone into a market vastly changed by coronavirus",0.0,1.0,0.0
15-04-2020,Why you should create an 'essentials only' budget before you actually need it,0.0,0.851,0.149
15-04-2020,'I can't even get anyone to take my application': Some small businesses are locked out of loan program,0.0,1.0,0.0
15-04-2020,How to pin down your finances as tight as possible,0.0,1.0,0.0
16-04-2020,"The coronavirus stimulus checks are arriving—here's who should invest the money, according to experts",0.0,1.0,0.0
16-04-2020,Apple Store to reopen in South Korea with an emphasis on fixing Macs and iPhones,0.0,1.0,0.0
16-04-2020,How governments and Big Tech are looking to curb the spread of coronavirus with your smartphone,0.0,1.0,0.0
16-04-2020,"'A long way to go' before there's enough testing to reopen economy, Business Roundtable CEO says",0.0,1.0,0.0
16-04-2020,"The New York retail real estate market is reeling because of coronavirus, as rents tumble",0.0,1.0,0.0
16-04-2020,"Coronavirus live updates: Singapore reports record 447 new cases, global infections top 2 million",0.0,0.87,0.13
16-04-2020,"The coronavirus stimulus checks are arriving—here's who should invest the money, according to experts",0.0,1.0,0.0
16-04-2020,Apple Store to reopen in South Korea with an emphasis on fixing Macs and iPhones,0.0,1.0,0.0
16-04-2020,How governments and Big Tech are looking to curb the spread of coronavirus with your smartphone,0.0,1.0,0.0
16-04-2020,"'A long way to go' before there's enough testing to reopen economy, Business Roundtable CEO says",0.0,1.0,0.0
16-04-2020,"The New York retail real estate market is reeling because of coronavirus, as rents tumble",0.0,1.0,0.0
16-04-2020,"Coronavirus live updates: Singapore reports record 447 new cases, global infections top 2 million",0.0,0.87,0.13
16-04-2020,The tech industry's early work-from-home mandates helped California and Washington flatten the curve,0.0,1.0,0.0
17-04-2020,"Goldman downgrades Apple to sell, predicts nearly 20% drop in stock from here",0.149,0.851,0.0
17-04-2020,"Stocks making the biggest moves in the premarket: P&G, Gilead, Schlumberger, Boeing, Apple & more",0.0,1.0,0.0
17-04-2020,Wall Street raises expectations for Netflix ahead of earnings in Friday's analyst calls,0.0,1.0,0.0
17-04-2020,Netflix stock charts suggest layer of support in case of a pullback,0.0,0.787,0.213
17-04-2020,What to watch today: Dow set to surge after a coronavirus drug reportedly shows effectiveness,0.0,1.0,0.0
17-04-2020,5 things to know before the stock market opens Friday,0.0,1.0,0.0
17-04-2020,"Stock market live updates: Dow futures jump, Cramer says Gilead drug gives us a 'fighting chance'",0.143,0.743,0.114
17-04-2020,Apple Music is now available on the web so you don't have to use iTunes,0.0,1.0,0.0
17-04-2020,"California governor names Steyer, Yellen and tech CEOs to business recovery task force",0.0,1.0,0.0
17-04-2020,Goldman Sachs says Apple's coronavirus recovery will take time,0.0,1.0,0.0
17-04-2020,Google told to respect Europe's privacy rules as it works on a coronavirus tracing app,0.0,0.807,0.193
17-04-2020,"Stocks making the biggest moves midday: Boeing, Gilead, Apple & more",0.0,1.0,0.0
17-04-2020,California Gov. Gavin Newsom says tech companies are key to lifting coronavirus restrictions,0.0,1.0,0.0
17-04-2020,Coronavirus live updates: Cases in Russia surge; Google told to respect data privacy,0.0,0.795,0.205
17-04-2020,"Goldman downgrades Apple to sell, predicts nearly 20% drop in stock from here",0.149,0.851,0.0
17-04-2020,"Stocks making the biggest moves in the premarket: P&G, Gilead, Schlumberger, Boeing, Apple & more",0.0,1.0,0.0
17-04-2020,Wall Street raises expectations for Netflix ahead of earnings in Friday's analyst calls,0.0,1.0,0.0
17-04-2020,Netflix stock charts suggest layer of support in case of a pullback,0.0,0.787,0.213
17-04-2020,What to watch today: Dow set to surge after a coronavirus drug reportedly shows effectiveness,0.0,1.0,0.0
17-04-2020,5 things to know before the stock market opens Friday,0.0,1.0,0.0
17-04-2020,"Stock market live updates: Dow futures jump, Cramer says Gilead drug gives us a 'fighting chance'",0.143,0.743,0.114
17-04-2020,Apple Music is now available on the web so you don't have to use iTunes,0.0,1.0,0.0
17-04-2020,"California governor names Steyer, Yellen and tech CEOs to business recovery task force",0.0,1.0,0.0
17-04-2020,Goldman Sachs says Apple's coronavirus recovery will take time,0.0,1.0,0.0
17-04-2020,Google told to respect Europe's privacy rules as it works on a coronavirus tracing app,0.0,0.807,0.193
17-04-2020,"Stocks making the biggest moves midday: Boeing, Gilead, Apple & more",0.0,1.0,0.0
17-04-2020,California Gov. Gavin Newsom says tech companies are key to lifting coronavirus restrictions,0.0,1.0,0.0
17-04-2020,Coronavirus live updates: Cases in Russia surge; Google told to respect data privacy,0.0,0.795,0.205
18-04-2020,Here's what life after shelter-in-place may look like in the US based on what's happening in China and South Korea,0.0,0.884,0.116
18-04-2020,NYC businesses are staying open by pitching into coronavirus relief efforts and going virtual,0.0,0.807,0.193
18-04-2020,This week's most important reads: Job losses mount and rescue loans run out as coronavirus testing remains short,0.117,0.65,0.234
18-04-2020,The Covid-19 response must balance civil liberties and public health — experts explain how,0.0,0.784,0.216
19-04-2020,"Big Tech's goodwill tour won't carry weight in antitrust probes, experts say",0.0,1.0,0.0
20-04-2020,"Goldman Sachs says sell Apple, chart analyst says otherwise",0.0,1.0,0.0
20-04-2020,"As Google becomes key infrastructure for new coronavirus relief, old issues haunt it",0.161,0.655,0.185
21-04-2020,ETF Edge Podcast,0.0,1.0,0.0
21-04-2020,"Apple and Google CEOs should be held responsible for protecting coronavirus tracking data, says GOP Sen. Hawley",0.0,0.874,0.126
21-04-2020,"Orders for Apple's iPhone SE better than expected, but iPhone shipments to drop 20-25% this quarter, top analyst says",0.116,0.702,0.182
22-04-2020,Morgan Stanley says increasing pollution over China means you should buy Apple shares,0.0,0.845,0.155
22-04-2020,Apple's new cheap iPhone is an incredible value,0.0,0.745,0.255
22-04-2020,Facebook and Amazon lead Big Tech lobbying in the first quarter while Google scales down,0.081,0.812,0.106
22-04-2020,Red Sox lose second-round draft pick after MLB investigation finds team employee stole signs,0.172,0.828,0.0
22-04-2020,Nintendo shares rise after ValueAct builds $1.1 billion stake,0.0,0.784,0.216
22-04-2020,These two tech stocks could be the biggest winners despite an 'ugly' earnings season,0.0,0.807,0.193
23-04-2020,Canadian tech rises again as Shopify becomes the second-most valuable company in Canada,0.0,0.795,0.205
23-04-2020,House antitrust chairman says most mergers should be banned during the pandemic,0.214,0.786,0.0
23-04-2020,Apple's new Magic Keyboard is expensive but will change how you work on your iPad Pro,0.0,1.0,0.0
23-04-2020,Fighting the coronavirus with big data and contact tracing,0.238,0.762,0.0
23-04-2020,How to command your iPhone to play music for 20 seconds while you wash your hands,0.0,0.862,0.138
23-04-2020,"Tech companies pull back on hiring, flashing another grim warning sign for the economy",0.337,0.663,0.0
23-04-2020,4 reasons why retail in the US won't be bouncing back like in China,0.0,0.828,0.172
24-04-2020,"Trump says he talked to Apple CEO Tim Cook, who predicts a V-shaped recovery after coronavirus",0.0,1.0,0.0
24-04-2020,Here's what happened to the stock market on Friday,0.0,1.0,0.0
24-04-2020,Apple and Google are tweaking plans for tech to help officials track coronavirus exposure,0.0,0.828,0.172
24-04-2020,"Stocks face headwinds as investors look forward to a big earnings week, a Fed meeting and state reopenings",0.0,1.0,0.0
24-04-2020,Britain's Royal Air Force tests virus-tracing app but privacy concerns remain,0.0,1.0,0.0
24-04-2020,Don't want to wait for a new credit card to arrive in the mail? Get instant access with these cards,0.059,0.816,0.125
25-04-2020,"Ex-Apple employees are attacking the mask shortage problem, and they're starting with rubber bands",0.412,0.588,0.0
25-04-2020,Cramer's week ahead: This earnings week will be a 'tougher test',0.0,0.841,0.159
26-04-2020,"Coronavirus live updates: China reports 11 new cases, Boris Johnson to return to work Monday",0.0,1.0,0.0
26-04-2020,White House economic advisor Kevin Hassett says unemployment rate will approach Great Depression,0.319,0.483,0.198
27-04-2020,Apple and other big tech stocks report this week – what to watch - CNBC,0.0,1.0,0.0
27-04-2020,Germany will use Apple and Google's coronavirus contact tracing solution,0.0,0.796,0.204
27-04-2020,What to watch today: Dow opens higher as focus shifts to possibility of reopening the economy,0.0,1.0,0.0
27-04-2020,"Apple will ramp up new iPhone production later than usual this year, report says, putting the 'super cycle' of upgrades in doubt",0.095,0.758,0.148
27-04-2020,"Silicon Valley's glitzy new London outposts face an indefinite delay, as coronavirus hits progress",0.135,0.702,0.164
27-04-2020,See which airlines are doing the most — and the least — to protect your elite status,0.0,0.843,0.157
27-04-2020,People save as much as 73% more when they know this simple trick,0.078,0.714,0.208
27-04-2020,5 things to know before the stock market opens Monday,0.0,1.0,0.0
28-04-2020,Millennials are piling into stock trading. Here's what you need to know,0.0,1.0,0.0
28-04-2020,How a handful of Apple and Google employees came together to help health officials trace coronavirus,0.0,0.838,0.162
28-04-2020,Jim Cramer reveals his 'Mad Covid-19 Index' of stocks for this 'tricky environment',0.31,0.69,0.0
28-04-2020,Here's what happened to the stock market on Tuesday,0.0,1.0,0.0
28-04-2020,Stock rally continues beneath the surface on investors' hopes for reopenings and testing,0.0,0.811,0.189
28-04-2020,The biggest US mall owner prepares to reopen 49 properties. Here's how that will work,0.0,1.0,0.0
28-04-2020,"Pop radio in decline, streaming on the rise: How the coronavirus is changing what we listen to",0.0,1.0,0.0
28-04-2020,Cyber-intel firms pitch governments on spy tools to trace coronavirus,0.0,1.0,0.0
29-04-2020,"More than half of Americans now use contactless payments, according to Mastercard poll",0.0,1.0,0.0
29-04-2020,Samsung says it expects Q2 smartphones and TV sales to 'decline significantly' due to coronavirus,0.0,1.0,0.0
29-04-2020,Apple and Google release test version of coronavirus tracing software,0.0,1.0,0.0
29-04-2020,UK's coronavirus contact-tracing app to be ready for 'wider deployment' in 2-3 weeks,0.0,0.828,0.172
29-04-2020,Huawei's chip unit reportedly overtakes Qualcomm as China's top semiconductor player for the first time,0.0,0.886,0.114
29-04-2020,Software thinks its revenue is crisis-proof. This time may be different,0.0,1.0,0.0
29-04-2020,"Apple is making it easier to unlock your iPhone without Face ID, since everyone's wearing masks now",0.0,0.851,0.149
29-04-2020,Facebook needs an 'encore' beyond advertising to make Gene Munster believe in the stock,0.0,1.0,0.0
29-04-2020,Green shoots: Wednesday was one of the most positive days for the stock market on many fronts,0.0,0.804,0.196
30-04-2020,Apple earnings and Covid-19 contact tracing: After Hours April 30 2020 - CNBC,0.0,1.0,0.0
30-04-2020,"Here's what you missed in business news today: Apple and Amazon report earnings, plus latest on contact tracing",0.111,0.804,0.085
30-04-2020,"Stocks making the biggest moves after hours: Amazon, Apple, Western Digital and more",0.0,0.876,0.124
30-04-2020,Apple reports earnings beat,0.0,1.0,0.0
30-04-2020,This level 'would be the all clear' for Apple's stock as iPhone maker heads into earnings: Chart analyst,0.0,0.867,0.133
30-04-2020,"Apple now has $192.8 billion in cash on hand, down from last quarter",0.0,0.789,0.211
30-04-2020,Apple CEO Tim Cook says company saw an 'uptick across the board' in late April thanks to stimulus and work from home,0.0,0.879,0.121
30-04-2020,What to look for with Apple set to report earnings after the bell,0.0,1.0,0.0
30-04-2020,Loup Ventures' Gene Munster weighs in on Apple and Amazon earnings,0.0,0.855,0.145
30-04-2020,"What to watch today: Dow set to drop after jobless claims, earnings",0.16,0.84,0.0
30-04-2020,5 things to know before the stock market opens Thursday,0.0,1.0,0.0
30-04-2020,Dow futures fall 300 points after Wall Street wraps up best month in three decades,0.0,0.769,0.231
30-04-2020,Microsoft will narrow its focus to software developers at this year's virtual Build conference,0.0,1.0,0.0
30-04-2020,"Nasdaq 100 is flashing a signal that suggests a looming pullback, chart analyst says",0.12,0.88,0.0
01-05-2020,An Apple business you may not know that's poised to boom from coronavirus crisis,0.327,0.673,0.0
01-05-2020,"Stocks making the biggest moves in the premarket: Exxon, Chevron, Clorox, Honeywell & more",0.0,1.0,0.0
01-05-2020,"Stock market live updates: Futures fall, Amazon drops 5%, sell in May?",0.0,0.866,0.134
01-05-2020,House Judiciary Committee asks Amazon CEO Jeff Bezos to testify over allegedly misleading Congress,0.165,0.732,0.104
01-05-2020,Apple earnings grow even in coronavirus pandemic — here's what to watch,0.0,1.0,0.0
01-05-2020,CDC criteria for digital contact tracing opens door for Apple-Google approach,0.0,1.0,0.0
01-05-2020,Here's what happened to the stock market on Friday,0.0,1.0,0.0
01-05-2020,"Global smartphone shipments suffer worst annual decline ever in the first quarter, IDC says",0.388,0.612,0.0
01-05-2020,What to watch today: Dow to drop as Trump threatens China tariffs,0.32,0.68,0.0
01-05-2020,5 things to know before the stock market opens Friday,0.0,1.0,0.0
01-05-2020,"Amazon told investors they 'may want to take a seat,' here's what that means",0.0,0.786,0.214
01-05-2020,7 ways the coronavirus pandemic is going to change the way we shop,0.0,1.0,0.0
02-05-2020,Coronavirus live updates: US cases top 1.1 million as hospitals increase safety measures to reassure patients,0.0,0.563,0.437
02-05-2020,States reopen even as coronavirus deaths mount: Here is this week's news recap and our best reads,0.0,0.792,0.208
02-05-2020,Here are some ways to play the 'stay-at-home' theme using ETFs: Market analysts,0.0,0.833,0.167
02-05-2020,Stocks are up against big 'resistance' and likely need actual economic improvement to overcome it,0.0,0.824,0.176
02-05-2020,Coronavirus live updates: US cases top 1.1 million as hospitals increase safety measures to reassure patients,0.0,0.563,0.437
02-05-2020,States reopen even as coronavirus deaths mount: Here is this week's news recap and our best reads,0.0,0.792,0.208
02-05-2020,Here are some ways to play the 'stay-at-home' theme using ETFs: Market analysts,0.0,0.833,0.167
02-05-2020,Stocks are up against big 'resistance' and likely need actual economic improvement to overcome it,0.0,0.824,0.176
04-05-2020,Goldman says the five giant stocks the market is overly reliant upon have little upside left,0.0,0.909,0.091
04-05-2020,Apple CEO Tim Cook: What to read to 'put these times into perspective',0.0,1.0,0.0
04-05-2020,Here's the advice Apple CEO Tim Cook gave to 2020 graduates,0.0,1.0,0.0
04-05-2020,Apple and Google reveal what their coronavirus contact tracing system might look like,0.0,0.828,0.172
04-05-2020,"Stocks making the biggest moves midday: Disney, American Airlines, Tyson Foods and more",0.0,1.0,0.0
04-05-2020,Apple announces new 13-inch MacBook Pro that fixes its keyboard problems,0.213,0.787,0.0
04-05-2020,Big Tech's earnings prove it's immune to the coronavirus,0.0,0.784,0.216
04-05-2020,Here's what happened to the stock market on Monday,0.0,1.0,0.0
04-05-2020,Salesforce will help businesses return to work with a new set of tools it just announced,0.0,0.838,0.162
04-05-2020,Stock futures rise slightly in overnight trading as investors focus on reopening of economy,0.0,1.0,0.0
04-05-2020,The PC is suddenly cool again ... for now,0.0,0.777,0.223
04-05-2020,Will schools be open in September? We asked several experts to weigh in,0.0,1.0,0.0
04-05-2020,Should UK millennials be worried about their retirement savings over the coronavirus crisis?,0.364,0.636,0.0
05-05-2020,"Would you let Google, Apple contact-trace your family? Here's what Reddit's Alexis Ohanian says",0.0,1.0,0.0
05-05-2020,Stock futures rise slightly following two days of gains,0.0,0.769,0.231
05-05-2020,"Apple's big developer conference where it announces new iPhone, Mac and iPad software will be online-only beginning June 22",0.0,1.0,0.0
05-05-2020,Britain's NHS shuns Apple and Google as it rolls out coronavirus contact-tracing app,0.0,1.0,0.0
05-05-2020,"Stocks making the biggest moves midday: Starbucks, Chevron, Norwegian Cruise Line, Alphabet & more",0.0,1.0,0.0
05-05-2020,Trust in governments surges during pandemic but people are disappointed with CEO performance,0.24,0.636,0.124
05-05-2020,Disney is set to report earnings after the bell as the pandemic has disrupted its theme parks and cruise businesses,0.0,1.0,0.0
05-05-2020,'Togetherness kills' — Cramer looks at stocks that will continue to suffer as social distancing remains,0.35,0.65,0.0
06-05-2020,What credit cards does Costco accept?,0.0,0.435,0.565
06-05-2020,58% of Americans who have used contactless are more likely to use it now than before the coronavirus,0.0,1.0,0.0
06-05-2020,Microsoft just announced a slew of new gadgets and a release date for its Apple AirPods competitor,0.0,1.0,0.0
06-05-2020,"Spotify removes podcast featuring interview with conspiracy theorist David Icke, while Apple stalls",0.221,0.779,0.0
06-05-2020,"Sonos just announced a new soundbar for big screen TVs, betting people stuck inside watching movies will buy it",0.105,0.895,0.0
06-05-2020,Companies could require employees to install coronavirus-tracing apps like this one from PwC before coming back to work,0.0,0.872,0.128
07-05-2020,Charles Schwab to offer investors fractional trades of S&P 500 companies including Amazon and Google,0.0,0.892,0.108
07-05-2020,Apple and these other stocks have actually increased their dividend during the pandemic,0.0,0.851,0.149
07-05-2020,Coronavirus app U-turn? Britain's NHS pays Swiss firm to investigate Apple and Google model,0.0,1.0,0.0
07-05-2020,Apple finally fixed the keyboards on all of its laptops — and the new 13-inch MacBook Pro is great,0.0,0.806,0.194
07-05-2020,Here's what happened to the stock market on Thursday,0.0,1.0,0.0
07-05-2020,Investors are betting two of the hardest hit groups — energy and airlines — have bottomed,0.0,0.861,0.139
07-05-2020,"US stock futures rise slightly after Nasdaq Composite claws back 2020 losses, jobs report ahead",0.162,0.838,0.0
07-05-2020,"Amazon's Jeff Bezos is 'the only CEO who has expressed reservation about appearing' before the House Antitrust Subcommittee, chairman says",0.0,1.0,0.0
07-05-2020,Coronavirus lessons learned in Asia show US is at risk of a resurge in cases as states reopen businesses,0.11,0.89,0.0
08-05-2020,Apple to reopen stores in US starting next week,0.0,1.0,0.0
08-05-2020,"This stock is the Apple of oil and can rally 50% from here, says Mizuho",0.0,1.0,0.0
08-05-2020,"Stock market live updates: Dow futures up 200, jobs report looms, biggest economic 'shock' ever",0.103,0.897,0.0
08-05-2020,Unemployment just hit 14.7% yet market futures predicted big stocks gains. Please explain!,0.162,0.559,0.279
08-05-2020,Apple is reportedly starting to build some of its AirPods in Vietnam,0.0,1.0,0.0
08-05-2020,"One way to play the rally in growth stocks, trader says",0.0,0.643,0.357
08-05-2020,These small tech companies are soaring after crushing Q1 earnings,0.217,0.783,0.0
08-05-2020,Stocks expected to trade the economy's reopening in the week ahead,0.0,1.0,0.0
08-05-2020,Apple to Reopen Stores in US Starting Next Week,0.0,1.0,0.0
09-05-2020,Can stocks and bonds both be right? Making sense of rising equities and ultra-low Treasury yields,0.0,0.893,0.107
09-05-2020,"Dividend payers are still 'winners in this market,' ETF analyst says. Here's why",0.0,0.795,0.205
10-05-2020,Tech companies smell a new multibillion-dollar opportunity: Helping employers trace coronavirus,0.0,0.615,0.385
10-05-2020,US stock futures fall following back-to-back rallies,0.0,1.0,0.0
10-05-2020,American companies spent years in an economic boom. Then the coronavirus hit,0.0,1.0,0.0
11-05-2020,Growth vs value: Two traders place their bets,0.0,0.545,0.455
11-05-2020,What to watch today: Dow set to drop following a strong week,0.146,0.625,0.229
11-05-2020,Here's what happened to the stock market on Monday,0.0,1.0,0.0
11-05-2020,5 things to know before the stock market opens Monday,0.0,1.0,0.0
11-05-2020,'Feels like we're at the bottom': Some executives see signs of recovery in April,0.0,0.839,0.161
11-05-2020,The British public's trust in tech companies is wavering at a time when they need it most,0.085,0.741,0.175
12-05-2020,"Young investors pile into stocks, seeing 'generational-buying moment' instead of risk",0.174,0.826,0.0
12-05-2020,Here's what happened to the stock market on Tuesday,0.0,1.0,0.0
12-05-2020,The cyberthreat that could derail the world's race to develop a coronavirus vaccine,0.167,0.833,0.0
12-05-2020,Op-Ed: Analysis of 8 billion page views shows where the next hot start-up can thrive,0.0,1.0,0.0
13-05-2020,Amazon launches a new $90 tablet as people are stuck at home,0.157,0.709,0.134
13-05-2020,Who's responsible for your kids' unauthorized credit card charges?,0.162,0.462,0.377
13-05-2020,"Utah has rejected the Apple-Google approach to tracing coronavirus, and is using an app made by a social media start-up instead",0.148,0.852,0.0
13-05-2020,"Payment apps may pose a coronavirus scam threat, AARP says",0.504,0.496,0.0
13-05-2020,"Stock market live updates: Stocks fall for a second day, Dow down 150, Powell sees risks",0.13,0.87,0.0
14-05-2020,US Senator Richard Burr's phone reportedly seized in probe of stock trades after virus briefings,0.0,1.0,0.0
14-05-2020,Apple buys virtual reality company NextVR,0.0,1.0,0.0
14-05-2020,"Weight Watchers pops on bullish analyst call, but traders prefer another fitness stock",0.0,0.819,0.181
14-05-2020,"Apple's computerized glasses won't be ready until 2022 'at the earliest,' top analyst says",0.133,0.754,0.113
14-05-2020,FBI seizes Senate Intel chairman Richard Burr's cellphone amid probe of coronavirus stock sales: Report,0.0,1.0,0.0
14-05-2020,Amazon is designing and building face shields to sell to frontline workers,0.0,0.866,0.134
14-05-2020,Sen. Richard Burr steps down as Senate intel chair during coronavirus stock sale probe,0.0,1.0,0.0
14-05-2020,"Markets have got 'one more leg down,' strategist says, defending his 'bunker mentality'",0.0,1.0,0.0
14-05-2020,Amazon rivals thrive during the pandemic as shipping delays level the playing field,0.0,0.759,0.241
15-05-2020,"Stocks making the biggest moves in the premarket: Qualcomm, Cisco, Apple, Boeing & more",0.0,1.0,0.0
15-05-2020,Apple supplier TSMC to build a $12 billion chip factory in the US,0.0,1.0,0.0
15-05-2020,Chipmaker stocks fall on fears of Chinese retaliation against Huawei order,0.219,0.781,0.0
15-05-2020,"Why Dow may be safer bet than the Nasdaq right now, according to recent market history",0.0,0.843,0.157
15-05-2020,'Are we crazy?' — Cramer says this is not the time to start a trade war with China,0.206,0.794,0.0
15-05-2020,US-China tensions rise as Trump administration moves to cut Huawei off from global chip suppliers,0.27,0.73,0.0
15-05-2020,Microsoft's Surface Book 3 delivers high speed in a dated design,0.0,1.0,0.0
15-05-2020,Here's what happened to the stock market on Friday,0.0,1.0,0.0
15-05-2020,"Why, in the midst of a U.S. health crisis, there are major challenges for doctors to access patient records",0.192,0.748,0.061
16-05-2020,How the pandemic may change the way we grocery shop,0.0,1.0,0.0
17-05-2020,China says it's opposed to latest U.S. rules against Huawei,0.0,1.0,0.0
18-05-2020,What to watch today: Dow futures extend gains after positive vaccine results,0.0,0.539,0.461
18-05-2020,"Apple's retail reopening plan: Temperature checks, mandatory masks",0.0,0.843,0.157
18-05-2020,Does filing for unemployment hurt your credit score?,0.453,0.36,0.187
18-05-2020,5 things to know before the stock market opens Monday,0.0,1.0,0.0
18-05-2020,Jack Ma quits SoftBank's board as its Vision Fund posts a record $18 billion loss,0.141,0.736,0.123
18-05-2020,"FBI finds link between Pensacola gunman and al-Qaida, official says",0.0,1.0,0.0
19-05-2020,FTC warns about contact tracing scams,0.565,0.435,0.0
19-05-2020,Sony to turn financial arm into wholly owned unit for $3.7 billion,0.0,1.0,0.0
19-05-2020,Spotify shares surge after landing exclusive rights to Joe Rogan's podcast,0.0,0.709,0.291
19-05-2020,Billionaire Barry Sternlicht: U.S. should pay people to enroll in coronavirus contact tracing,0.104,0.896,0.0
19-05-2020,"United Airlines' new CEO Kirby takes the reins, aiming to 'get through hell as quickly as possible'",0.205,0.67,0.125
19-05-2020,Amazon's Twitch leads a booming esports six-figure-salary job market in coronavirus era,0.0,1.0,0.0
20-05-2020,"Apple and Google are making their COVID-19 exposure tech available to public health agencies, which means you'll soon have access to contact tracing apps (GOOG, GOOGL, APPL)",0.0,1.0,0.0
20-05-2020,10 things you need to know before the opening bell,0.0,1.0,0.0
20-05-2020,"'Buffett needs to listen to Buffett again': Investor was wrong to recommend tech-heavy S&P 500, Berkshire Hathaway shareholder says",0.137,0.752,0.111
20-05-2020,"'Buffett needs to listen to Buffett again': Investor was wrong to recommend tech-heavy S&P 500, Berkshire Hathaway shareholder says",0.137,0.752,0.111
20-05-2020,10 things in tech you need to know today,0.0,1.0,0.0
20-05-2020,'What is Google Jamboard?': How to use the 4K UHD touch display and cloud-based whiteboard's G-Suite app for virtual collaboration,0.0,1.0,0.0
20-05-2020,[REPORT] CORONAVIRUS AND 5G DEPLOYMENT ROADBLOCKS,0.0,1.0,0.0
20-05-2020,How to change your business address on Google Maps using Google My Business,0.0,1.0,0.0
20-05-2020,Utah reportedly spent nearly $3 million on a contact tracing app that less than 2% of the state's population has downloaded,0.0,1.0,0.0
20-05-2020,How to watch Apple TV on your iPhone with or without an Apple TV Plus subscription,0.0,1.0,0.0
20-05-2020,How to find someone on your Strava fitness app in 3 different ways,0.0,0.84,0.16
20-05-2020,An Apple whistleblower has publicly decried the company for 'violating fundamental rights' after Siri recorded users' intimate moments without consent,0.223,0.777,0.0
20-05-2020,"Apple's iPhone 12 may not come with any wired headphones at all, possibly setting the stage for the first totally wireless iPhone (AAPL)",0.0,1.0,0.0
20-05-2020,Cybersecurity experts found seven flaws in the UK's contact-tracing app,0.0,1.0,0.0
20-05-2020,Joe Rogan's blockbuster deal with Spotify is the streaming giant's biggest signal that it wants to dominate podcasting. Here's what it means for other show personalities and advertisers.,0.048,0.828,0.124
20-05-2020,How to reset your Netflix account on a connected computer or mobile device,0.0,1.0,0.0
20-05-2020,'What is Bluetooth?': A beginner's guide to the wireless technology,0.0,1.0,0.0
20-05-2020,'What is Dropbox?': How to use the cloud-based file-storage service for collaboration,0.0,1.0,0.0
20-05-2020,"Sony's new wireless earbuds offer a sweat-proof design that's ideal for listening to music while you exercise, but the company's flagship earbuds still sound better overall",0.0,0.742,0.258
20-05-2020,"Samsung's $400 Galaxy A51 would have been a perfect choice for budget buyers, but Apple's new iPhone SE has completely ruined its party",0.154,0.636,0.211
21-05-2020,"Google is making it easier to see wheelchair accessible places in Google Maps (GOOG, GOOGL)",0.0,0.833,0.167
21-05-2020,The pandemic will fuel an acceleration in time spent with subscription OTT services,0.0,1.0,0.0
21-05-2020,"What is an EHR system? Definitions, benefits, problems and trends for electronic health records",0.156,0.694,0.15
21-05-2020,"Google is launching a new app that lets you do almost anything on your Android phone with just the press of a button (GOOG, GOOGL)",0.0,1.0,0.0
21-05-2020,How to clear your Gboard keyboard history on an iPhone or Android device,0.0,0.822,0.178
21-05-2020,The best Memorial Day sales from Best Buy include $30 off an Amazon Echo Show 8,0.0,0.543,0.457
21-05-2020,1-800-Flowers' revenue increased 12% in the last quarter. The company's CMO reveals how it's adapting its business and advertising as people send more flowers during the pandemic.,0.0,0.925,0.075
21-05-2020,How to activate COVID-19 exposure notifications on your iPhone through the latest iOS update,0.0,1.0,0.0
21-05-2020,How to change your Twitter email address on a computer or mobile device,0.0,1.0,0.0
21-05-2020,"You can't directly delete messages on Houseparty, but there are alternate options in chats — here's what you need to know",0.0,1.0,0.0
21-05-2020,"Tesla is like 'Apple 20 years ago,' Morgan Stanley says (AAPL, TSLA)",0.0,0.815,0.185
21-05-2020,Apple's 16-inch MacBook Pro powerhouse laptop is $300 off right now,0.0,1.0,0.0
21-05-2020,How to enable your camera on Google Hangouts on a computer or mobile device,0.0,1.0,0.0
21-05-2020,6 of the top road trips in the US and where to stay along the way,0.0,0.886,0.114
21-05-2020,10 things in tech you need to know today,0.0,1.0,0.0
21-05-2020,'Does Expedia accept PayPal?': How to use PayPal as a payment method for hotel bookings,0.0,0.833,0.167
21-05-2020,We'll never see another $100 billion technology Vision Fund — from SoftBank or anyone else (UBER),0.0,0.875,0.125
21-05-2020,HSBC Direct Savings is an online-only account with a high APY and a $1 opening deposit,0.0,1.0,0.0
21-05-2020,How to send your location on Snapchat to your friends through the app's Snap Map feature,0.0,0.829,0.171
21-05-2020,'What is BlueJeans?': Here's what you need to know about using the video-conferencing service,0.0,1.0,0.0
22-05-2020,"How to update your LastPass password manager on Google Chrome to get the latest, most secure version",0.0,0.856,0.144
22-05-2020,How to save Outlook email as a PDF on a PC or Mac computer,0.0,0.775,0.225
22-05-2020,How to create folders in LastPass and organize the files or accounts in your digital Vault,0.0,0.877,0.123
22-05-2020,"These are the 6 reasons why stocks are 'divorced from reality,' according to BofA",0.0,1.0,0.0
22-05-2020,The top Best Buy Apple deals for Memorial Day are headlined by $80 off the latest iPad,0.0,0.714,0.286
22-05-2020,How to use LastPass to save and manage your passwords and other personal data,0.0,0.802,0.198
22-05-2020,PayPal parts with CMO and former Apple executive Allison Johnson after 18 months,0.0,1.0,0.0
22-05-2020,"CIT Bank is an online-only bank that pays competitive rates on checking, savings, CDs, and money market accounts",0.0,0.909,0.091
22-05-2020,"For $500 you can book a Zoom magic show with 'Silicon Valley's favorite magician,' whose client list includes Google, Apple, and Airbnb",0.0,0.87,0.13
22-05-2020,"Google Nest Hub vs Amazon Echo Show 5: Nest Hub is better built, while Echo Show 5 brings more features",0.0,0.787,0.213
22-05-2020,How to tag someone on Snapchat and notify them directly using the mention feature,0.0,1.0,0.0
22-05-2020,Here are the best online banks right now,0.0,0.625,0.375
22-05-2020,Facebook's remote-working plan is doomed,0.512,0.488,0.0
22-05-2020,'Can you record on Sling TV?': How to add Cloud DVR to the internet TV service and use it to record shows and movies,0.0,1.0,0.0
22-05-2020,"The top 9 movies on Netflix this week, from 'John Henry' to 'Public Enemies'",0.2,0.688,0.113
22-05-2020,Samsung's $8 billion semiconductor factory will challenge TSMC's dominance in the foundry market,0.0,0.78,0.22
22-05-2020,I tried Chipotle's new TikTok menu hacks and the experience reminded me why I have a love-hate relationship with the chain,0.0,1.0,0.0
22-05-2020,"Apple TV Plus' 'Defending Jacob' is a hit, but data suggests the service's subscriber growth has been sluggish recently",0.155,0.697,0.148
22-05-2020,Dow posts best week since early April as investors look to economic reopening,0.0,0.741,0.259
22-05-2020,How to share a password via LastPass with others in 3 simple steps,0.0,0.82,0.18
23-05-2020,Photos from across the US show what the new normal looks like as states reopen — from temperature scanners at the Apple store to marked circles at public parks,0.0,0.915,0.085
23-05-2020,"The remote work boom will make it harder for big tech companies like Facebook and Google to recruit top talent. That's a good thing. (FB, GOOG)",0.0,0.677,0.323
23-05-2020,The top 9 shows on Netflix and other streaming services this week,0.0,0.847,0.153
23-05-2020,"Pay rifts, a partner divide, and a threat at the Ritz Carlton: 50 insiders reveal all on a massive shakeup at elite law firm Boies Schiller",0.242,0.758,0.0
23-05-2020,"The world's fanciest restaurants are becoming more accessible than ever thanks to the pandemic, but it's a trend that won't last",0.0,0.907,0.093
25-05-2020,Apple is expected to release a larger iPhone 12 Pro later this year — here's everything we know about Apple's next high-end iPhones so far (AAPL),0.0,1.0,0.0
25-05-2020,Why the CEO of $160 billion Citizens Bank is turning to digital in a bid to compete against industry titans like JPMorgan Chase and Bank of America,0.0,0.909,0.091
25-05-2020,Chinese tech giant criticizes US for 'politicizing business',0.255,0.745,0.0
26-05-2020,Mobile messaging time spent will spike as users shift away from traditional text messaging,0.0,1.0,0.0
26-05-2020,'What is Strava?': How to navigate and use the Strava fitness-tracking app,0.0,1.0,0.0
26-05-2020,Hackers have released a new jailbreak that can reportedly crack any iPhone (AAPL),0.0,1.0,0.0
26-05-2020,Marcus by Goldman Sachs is an online-only bank that pays some of the highest rates available on savings accounts and CDs,0.0,1.0,0.0
26-05-2020,"'What is Gboard?': Google's smart keyboard for phones and tablets, explained",0.0,0.787,0.213
26-05-2020,"Inside PR firm Hill + Knowlton's turnaround effort, and which media companies and platforms are poised to benefit from the pandemic",0.0,0.783,0.217
26-05-2020,How to make Gmail display in dark mode on an iPhone in 2 ways,0.0,1.0,0.0
26-05-2020,"The Bill & Melinda Gates Foundation invested in Apple, Amazon, and Google last quarter",0.0,0.876,0.124
26-05-2020,You can't use an Amazon gift card for Audible — here's how to use the forms of payment the audiobook retailer accepts,0.061,0.728,0.21
26-05-2020,Dow rockets 600 points as optimism grows around economic reopenings,0.0,0.72,0.28
26-05-2020,'What is Wi-Fi calling?': How to make calls from your smartphone even if you don't have a cell signal,0.0,1.0,0.0
26-05-2020,Dow leaps 530 points as hopes for a smooth reopening gain traction,0.0,0.592,0.408
26-05-2020,An HBO Max exec explains how the streaming service retooled its launch marketing to focus on creating digital chatter among at-home consumers and carving out a distinct voice for its brand (T),0.0,0.932,0.068
26-05-2020,BANK OF AMERICA: These 5 trends emerged from companies' first-quarter earnings reports,0.0,1.0,0.0
26-05-2020,Eventbrite's CEO says live event companies will have to pivot to life after the coronavirus as people delay returning to packed stadiums and concerts,0.091,0.909,0.0
27-05-2020,Here's why 3 Wall Street analysts just boosted their Apple price targets (AAPL),0.0,0.815,0.185
27-05-2020,"The coronavirus crisis will be 'hugely beneficial' to Amazon and other tech giants, billionaire investor Bill Ackman said",0.169,0.618,0.213
27-05-2020,'What is HBO Max?': Here's what you need to know about HBO's streaming service answer to Netflix and Hulu,0.0,1.0,0.0
27-05-2020,Switzerland launched the world's first app based on Google and Apple's contact-tracing tech,0.0,0.889,0.111
27-05-2020,10 things in tech you need to know today,0.0,1.0,0.0
27-05-2020,"Belkin's new smart speaker combines high-end audio, Google Assistant support, and wireless phone charging into one handy package",0.0,0.748,0.252
27-05-2020,The best fertilizers,0.0,0.323,0.677
27-05-2020,You can watch HBO content live on Amazon as long as you have Amazon Prime and a HBO subscription – here's how,0.0,0.841,0.159
27-05-2020,"The coronavirus crisis will be 'hugely beneficial' to Amazon and other tech giants, billionaire investor Bill Ackman said",0.169,0.618,0.213
27-05-2020,"An Apple cofounder is selling his California ranch at a 37% discount. Take a look at the sprawling property that comes with 7 homes, a private airstrip, and a helipad.",0.0,1.0,0.0
27-05-2020,You can watch HBO content live on Hulu with subscriptions to both services – here's how,0.0,1.0,0.0
27-05-2020,Wielding Twitter like a weapon: Here's what was really going on when Trump's most outrageous tweet storms took place,0.239,0.652,0.109
27-05-2020,HBO Max's lack of Roku and Amazon support casts a big shadow over its launch day,0.123,0.642,0.235
27-05-2020,GOLDMAN SACHS: Buy these 25 stocks that are wildly popular with hedge funds — and have crushed the market this year,0.119,0.763,0.119
27-05-2020,HBO Max vs. HBO Go vs. HBO Now: What are the key differences?,0.0,1.0,0.0
28-05-2020,How to comment on Reddit posts or reply to other comments on desktop or mobile,0.0,1.0,0.0
28-05-2020,"'Mr. President, please help us': Hong Kong media tycoon Jimmy Lai says only Trump can save Hong Kong from China",0.0,0.675,0.325
28-05-2020,How to add your LastPass account to Google Authenticator for an added layer of password security,0.0,0.862,0.138
28-05-2020,These are the 8 mega-billionaires who have gotten the biggest boost to their net worth this year as the world has grappled with coronavirus,0.0,0.82,0.18
28-05-2020,'How many people can watch Disney Plus at once?': Here's how many devices can stream simultaneously with one account,0.0,1.0,0.0
28-05-2020,Samsung Pay unveiled the first details of its forthcoming debit card,0.123,0.877,0.0
28-05-2020,How to get dark mode on the Apple Music app on your iPhone or Android device,0.0,1.0,0.0
28-05-2020,"How to change your Zoom password, even if you've forgotten it, to keep your account secure",0.104,0.765,0.131
28-05-2020,Apple just bought another AI startup to help Siri catch up to rivals Amazon and Google (AAPL),0.0,0.773,0.227
28-05-2020,Apple's updated device-tracking system could hinder Tile's momentum,0.0,1.0,0.0
28-05-2020,How to skip songs on your AirPods or AirPods Pro using the double-tap or press and hold features,0.0,1.0,0.0
28-05-2020,"Amazon just launched a major video game, but it looks to already be a major flop (AMZN)",0.175,0.678,0.147
28-05-2020,How to hyperlink on Reddit and link out to other websites within a Reddit post or comment,0.0,1.0,0.0
28-05-2020,How the 40 most attractive companies for business students are reopening after the coronavirus pandemic,0.0,0.814,0.186
28-05-2020,How to delete your 'Continue Watching' section on Netflix by hiding your activity,0.155,0.845,0.0
28-05-2020,'Is HBO Go 4K?': What you need to know about streaming quality on HBO's provider-supported service,0.0,1.0,0.0
28-05-2020,"How Dave Clark, the mastermind behind Amazon's coronavirus response, became one of the most powerful executives in America (AMZN)",0.0,0.853,0.147
28-05-2020,10 things in tech you need to know today,0.0,1.0,0.0
28-05-2020,"8 credit cards that earn you bonus points or cash back on streaming services like Netflix, Hulu, and Amazon Prime Video",0.0,0.608,0.392
28-05-2020,"Trump will sign an executive order 'pertaining to social media' on Thursday according to the White House press secretary (TWTR, GOOG, GOOGL, FB, AAPL)",0.0,1.0,0.0
29-05-2020,'Does Sling TV have local channels?': Here's what you need to know about Dish Network's internet TV service,0.0,1.0,0.0
29-05-2020,CULTIVATED: An inside look at Eaze — Cuts at Caliva — Dismal earnings for Canopy Growth,0.313,0.556,0.131
29-05-2020,A Wall Street firm studied every crash over the past 100 years — and concluded that the unusual performance of 7 tech stocks is masking the risk of a prolonged meltdown,0.161,0.839,0.0
29-05-2020,I was on the ground during the Minneapolis protests and hit with tear gas. This is what the disturbing scene looked like.,0.202,0.7,0.097
29-05-2020,How to change your password on Postmates by entering a phone number,0.0,0.885,0.115
29-05-2020,"How to host another channel on Twitch, either manually or automatically",0.0,1.0,0.0
29-05-2020,'How long does AirPods' battery last?': Here's how long your AirPods will last before you'll need to recharge them,0.0,1.0,0.0
29-05-2020,How to remove a device from your Netflix account in 5 simple steps,0.0,1.0,0.0
29-05-2020,How to change the currency on Google Maps for accurate regional prices,0.0,1.0,0.0
29-05-2020,"How to delete your Instagram account permanently, or temporarily deactivate it",0.0,1.0,0.0
29-05-2020,"How to change your Twitch username in 6 simple steps, and rebrand your streaming channel",0.0,1.0,0.0
29-05-2020,How to find playlists on Apple Music and add them to your library,0.0,1.0,0.0
29-05-2020,Target is closing 24 stores in Minnesota 'until further notice' amid looting and protests following the death of George Floyd,0.244,0.756,0.0
29-05-2020,How to send a calendar invite in Outlook in 5 simple steps,0.0,0.849,0.151
29-05-2020,Apple's new 13-inch MacBook Pro is the best work computer for Mac fans that don't want a huge laptop,0.142,0.67,0.188
29-05-2020,How to remove devices from a Disney Plus account by logging out individually or from all devices at once,0.0,1.0,0.0
29-05-2020,'What is Flipboard?': How the social news app and its digital features keep you informed,0.0,1.0,0.0
29-05-2020,Microsoft News just cut dozens of editorial workers as it shifts to an AI-driven system of picking stories,0.11,0.89,0.0
29-05-2020,How to cancel HBO Go through your cable service provider,0.182,0.818,0.0
29-05-2020,$500 would be a completely reasonable price for the PlayStation 5. Here's why. (SNE),0.0,1.0,0.0
30-05-2020,"An attorney who's represented 100 Russian hackers says they're often not shadowy criminal masterminds, but frustrated middle-class techies without options: 'You have to understand, there is desperation in Russia'",0.236,0.713,0.052
30-05-2020,I was laid off from my job at a travel magazine in Los Angeles. Here's what I spend in a week now that I'm unemployed.,0.0,1.0,0.0
30-05-2020,"The 12 best rosés to try this summer, according to wine experts",0.0,0.724,0.276
30-05-2020,"The $153,000 Mercedes-AMG GLS 63 is an incredibly luxurious large SUV that has a 603-horsepower engine and enough luxury to trounce lesser rivals",0.0,1.0,0.0
30-05-2020,The top 9 shows on Netflix and other streaming services this week,0.0,0.847,0.153
30-05-2020,American businesses need news from China. The White House is in the way.,0.0,1.0,0.0
30-05-2020,"The 14 most loved programming languages, according to a study of 65,000 developers",0.0,0.724,0.276
31-05-2020,'Embrace the coming crash': A notorious market bear who called the dot-com bust warns big tech stocks are on the verge of succumbing to the economy's downturn,0.145,0.777,0.078
31-05-2020,BANK OF AMERICA: Buy these 13 under-the-radar tech stocks poised to outperform amid flaring China tensions and lasting pandemic damage,0.237,0.683,0.08
31-05-2020,10 times that Elon Musk proved Tesla doesn't need advertising (TSLA),0.0,1.0,0.0
01-06-2020,Green Dot is collaborating with a tech company on a bank account for immigrants,0.0,1.0,0.0
01-06-2020,Google's Europe chief called for solidarity with US colleagues in leaked email: 'It's been devastating to watch what's happened over the weekend and the contrast between America's highs and its lows' (GOOG),0.218,0.725,0.057
01-06-2020,Apple closes stores across the US over safety concerns amid George Floyd protests (AAPL),0.114,0.719,0.168
01-06-2020,"How to cancel your Twitch Prime membership, without losing your Twitch or Amazon Prime accounts",0.112,0.671,0.217
01-06-2020,A memo from SAP outlined the tech giant's plan to address racial inequality in its own ranks — and it shows how companies can take meaningful actions beyond sending an email or a tweet,0.0,0.929,0.071
01-06-2020,"How to share your Outlook calendar with others to coordinate events, meetings, and more",0.0,0.855,0.145
01-06-2020,Elon Musk says it's 'not right' that the other three officers involved in George Floyd's death haven't been charged (TSLA),0.166,0.766,0.068
01-06-2020,"You can't speed up Audible on a Mac, but you can on a mobile device — here's how",0.0,1.0,0.0
01-06-2020,"How to gift someone an Audible membership, or specific audiobooks",0.0,0.756,0.244
01-06-2020,Companies need to add contactless-entry tech to safely reopen offices. Here are 7 firms ranging from startups to huge conglomerates that are set for a surge in business.,0.0,0.814,0.186
01-06-2020,Photos show Apple Stores being boarded up across the US as protests over George Floyd's death sweep the nation (AAPL),0.244,0.756,0.0
01-06-2020,'The worst may not be over': Why one Wall Street analyst is wary of the market's rally,0.204,0.796,0.0
01-06-2020,"As Apple and Google begin to roll out their contact tracing tech, a new bill could enforce strict rules to protect user data (APPL, GOOG)",0.0,0.898,0.102
01-06-2020,Read the memo Apple CEO Tim Cook sent to employees addressing the death of George Floyd (AAPL),0.196,0.804,0.0
01-06-2020,How to change the default font in Outlook to the one you prefer,0.0,1.0,0.0
01-06-2020,"Toyota's most powerful and efficient RAV4 ever, the new $38,100 Prime plug-in hybrid, is coming this summer",0.0,0.709,0.291
01-06-2020,"How to export contacts from Outlook to backup your contact information, or add it to other programs",0.0,1.0,0.0
01-06-2020,"How Silicon Valley leaders, from Elon Musk to Tim Cook, are responding to the George Floyd protests (AAPL, GOOGL, TSLA)",0.091,0.909,0.0
01-06-2020,Microsoft CEO Satya Nadella addresses the protests across the US in an employee town hall: 'My ask to each of you is to come together' (MSFT),0.071,0.929,0.0
01-06-2020,"These were the 10 most popular stocks on Robinhood in the month of May (AAPL, F, CCL, DAL, AAL, MSFT, GPRO, ACB, DIS, GE)",0.0,0.881,0.119
02-06-2020,A billionaire tech investor is calling out Apple CEO Tim Cook for not speaking up publicly about the company's values amid protests over George Floyd's death (AAPL),0.184,0.73,0.086
02-06-2020,HSBC Direct Savings is an online-only account with a high APY and a $1 opening deposit,0.0,1.0,0.0
02-06-2020,"How to schedule a Google Meet appointment for later, or start a meeting immediately",0.0,1.0,0.0
02-06-2020,"HBO Max's movie library is better than Netflix and Hulu, but with no 4K playback or support for Roku and Fire TV, it's hard to justify the streaming service's $15 a month price",0.188,0.675,0.138
02-06-2020,10 things in tech you need to know today,0.0,1.0,0.0
02-06-2020,"Silicon Valley billionaires are lining up to condemn racism. But the tech and VC industry has a shameful, decades-long history of ignoring and perpetuating inequality. (AAPL, CRM, GOOG, FB, NFLX, INTC)",0.326,0.674,0.0
02-06-2020,"Amazon raised $10 billion in the bond markets, including $1 billion of debt yielding just 0.4% — reportedly the lowest rate in the history of US corporate bonds (AMZN)",0.16,0.786,0.053
02-06-2020,"How to find the IP address of your internet router using a Mac, PC, iPhone, or Android",0.0,1.0,0.0
02-06-2020,"Smartphone sales have plummeted, and Huawei is taking the biggest hit",0.0,1.0,0.0
02-06-2020,"Amazon raised $10 billion in the bond markets, including $1 billion of debt yielding just 0.4% — reportedly the lowest rate in the history of US corporate bonds",0.166,0.779,0.055
02-06-2020,'Just Mercy' is now free to stream through the month of June to help educate people on systemic racism,0.149,0.543,0.308
02-06-2020,"The US chairman of PwC explains how to stand out in a sea of job-seekers, what it takes to make partner at his firm, and where he gets his best ideas for building a diverse workforce",0.0,0.887,0.113
02-06-2020,An ex-Facebook spokesperson says he was 'wrong' about the company's free-speech mission counteracting ignorance and is urging employees to take action (FB),0.106,0.894,0.0
02-06-2020,There's no reason to spend hundreds of dollars on cast iron cookware,0.167,0.833,0.0
03-06-2020,"Time spent with podcasts will decrease after years of strong growth, but should rebound by 2022",0.0,0.78,0.22
03-06-2020,$3 billion Carta is looking for a new COO and WeWork's former CEO just turned down the job,0.0,1.0,0.0
03-06-2020,THE STATE OF VIRTUAL CARE IN THE US: The coronavirus is pushing telehealth into the mainstream — here's how traditional healthcare players are using it to retain business now and where the market is headed,0.0,0.894,0.106
03-06-2020,These former Apple execs have a track record of spotting unicorns. They've identified 3 post-crisis startup themes for a new $90 million fund.,0.0,1.0,0.0
03-06-2020,"I took a bunch of photos the iPhone 11 Pro Max and the Galaxy S20 Ultra, and it's clear that Apple and Samsung have very different ideas of what makes a good photo",0.0,0.836,0.164
03-06-2020,How to check your edit history on Google Docs in 3 simple steps,0.0,1.0,0.0
03-06-2020,'Words by themselves are empty': Andreessen Horowitz is launching a new nonprofit fund to invest in founders that 'lack the typical background and resources' to get on Silicon Valley's fast track to success.,0.064,0.833,0.103
03-06-2020,"Apple's App Store sales have grown nearly twice as fast as this top Wall Street analyst predicted, as services are softening the blow from slowing iPhone sales (APPL)",0.0,0.931,0.069
03-06-2020,Snapchat will stop promoting President Trump's account in Discover: 'We will not amplify voices who incite racial violence and injustice' (SNAP),0.339,0.576,0.085
03-06-2020,How to accept a Google Calendar invite on your computer or mobile device,0.0,0.704,0.296
03-06-2020,"This little-known children's media company has skyrocketed 2,500% since May (GNUS)",0.0,1.0,0.0
03-06-2020,Early former Facebook employees wrote a letter to the company's leaders criticizing its 'cowardly' decision not to take action against Trump's posts (FB),0.106,0.894,0.0
03-06-2020,Ben & Jerry's calls on Americans to combat white supremacy in a blistering statement building on its multi-year campaign against racial inequality,0.111,0.833,0.056
03-06-2020,The fire Zuck started won't stop at Facebook,0.233,0.583,0.184
03-06-2020,How to watch UFC 250: Current double champion Amanda Nunes takes on up-and-comer Felicia Spencer,0.0,0.782,0.218
03-06-2020,"Wealthfront's cash account now has a debit card and direct deposit, making it more like a hybrid checking and savings account",0.0,0.866,0.134
